"username"	"title"
"cfalk"	"Norquist Lab"
"anourmah"	"Norquist Lab"
"alex"	"Norquist Lab"
"yhuang"	"Norquist Lab"
"sorelle"	"Norquist Lab"
"yyang"	"Norquist Lab"
"jschrier"	"Norquist Lab"
"kelbert"	"Norquist Lab"
"praccugl"	"Norquist Lab"
"peaton"	"Norquist Lab"
"kwiener"	"Norquist Lab"
"cdinh"	"Norquist Lab"
"Karina"	"Norquist Lab"
"vlnguyen"	"Norquist Lab"
"mwenny"	"Norquist Lab"
"amollo"	"Norquist Lab"
"ntien"	"Norquist Lab"
"mcharles"	"Norquist Lab"
"dwashburn"	"Norquist Lab"
"mwenny1"	"Norquist Lab"
"amilder"	"Norquist Lab"
"mwenny2"	"Norquist Lab"
"aaron"	"Norquist Lab"
"gmartinn"	"Norquist Lab"
"jdixon1"	"Norquist Lab"
"pnega"	"Norquist Lab"
"padler1"	"Norquist Lab"
"rbali"	"Norquist Lab"
"jxu"	"Norquist Lab"
"mwenny3"	"Norquist Lab"
"kchang"	"Poeppelmeier Lab"
"jrc107"	"Poeppelmeier Lab"
